name,type,url,global_id,description,published_at,publisher,citationHtml,identifier_of_dataverse,name_of_dataverse,citation,publicationStatuses,storageIdentifier,keywords,subjects,fileCount,versionId,versionState,majorVersion,minorVersion,createdAt,updatedAt,contacts,authors,publications,geographicCoverage,dataSources,installation,installation_url
"Will County, IL",dataset,https://doi.org/10.5072/FK2/Y0EDKJ,doi:10.5072/FK2/Y0EDKJ,"This dataset was developed as part of an Urban Tree Canopy Assessment. As such, it represents a 'top down' mapping perspective in which tree canopy over hanging other features is assigned to the tree canopy class. At the time of its creation this dataset represents the most detailed and accurate land cover dataset for the area based on input data years.",2025-08-20T20:44:44Z,Urban Tree Canopy Assessments (UTC),"Spatial Analysis Lab, 2025, ""Will County, IL"", <a href=""https://doi.org/10.5072/FK2/Y0EDKJ"" target=""_blank"">https://doi.org/10.5072/FK2/Y0EDKJ</a>, University of Vermont Dataverse, V1",utc,Urban Tree Canopy Assessments (UTC),"Spatial Analysis Lab, 2025, ""Will County, IL"", https://doi.org/10.5072/FK2/Y0EDKJ, University of Vermont Dataverse, V1",['Published'],file://10.5072/FK2/Y0EDKJ,"['tree canopy', 'tree canopy change', 'landcover', 'Will County, IL', 'Chicago Region', 'Illinois']",['Earth and Environmental Sciences'],3,47,RELEASED,1,0,2025-08-20T20:44:21Z,2025-08-20T20:44:44Z,"[{'name': 'Paige Brochu', 'affiliation': 'Spatial Analysis Lab University of Vermont'}]",['Spatial Analysis Lab'],,,,uvm,https://dataverse.uvm.edu
"New York City, NY",dataset,https://doi.org/10.5072/FK2/ZVFMT2,doi:10.5072/FK2/ZVFMT2,"This dataset was developed as part of an Urban Tree Canopy Assessment. As such, it represents a 'top down' mapping perspective in which tree canopy over hanging other features is assigned to the tree canopy class. At the time of its creation this dataset represents the most detailed and accurate land cover dataset for the area based on input data years.",2025-08-22T20:34:27Z,Urban Tree Canopy Assessments (UTC),"Spatial Analysis Lab, 2025, ""New York City, NY"", <a href=""https://doi.org/10.5072/FK2/ZVFMT2"" target=""_blank"">https://doi.org/10.5072/FK2/ZVFMT2</a>, University of Vermont Dataverse, V1",utc,Urban Tree Canopy Assessments (UTC),"Spatial Analysis Lab, 2025, ""New York City, NY"", https://doi.org/10.5072/FK2/ZVFMT2, University of Vermont Dataverse, V1",['Published'],file://10.5072/FK2/ZVFMT2,"['tree canopy', 'tree canopy change', 'landcover', 'New York City, NY']",['Earth and Environmental Sciences'],3,48,RELEASED,1,0,2025-08-22T14:08:44Z,2025-08-22T20:34:27Z,"[{'name': 'Paige Brochu', 'affiliation': 'Spatial Analysis Lab University of Vermont'}]",['Spatial Analysis Lab'],,,,uvm,https://dataverse.uvm.edu
Vermont Statewide,dataset,https://doi.org/10.5072/FK2/DO5DY5,doi:10.5072/FK2/DO5DY5,"This dataset was developed as part of an Urban Tree Canopy Assessment. As such, it represents a 'top down' mapping perspective in which tree canopy over hanging other features is assigned to the tree canopy class. At the time of its creation this dataset represents the most detailed and accurate land cover dataset for the area based on input data years.",2025-08-22T20:35:34Z,Urban Tree Canopy Assessments (UTC),"Spatial Analysis Lab, 2025, ""Vermont Statewide"", <a href=""https://doi.org/10.5072/FK2/DO5DY5"" target=""_blank"">https://doi.org/10.5072/FK2/DO5DY5</a>, University of Vermont Dataverse, V1",utc,Urban Tree Canopy Assessments (UTC),"Spatial Analysis Lab, 2025, ""Vermont Statewide"", https://doi.org/10.5072/FK2/DO5DY5, University of Vermont Dataverse, V1",['Published'],file://10.5072/FK2/DO5DY5,"['tree canopy', 'landcover', 'Vermont', 'statewide']",['Earth and Environmental Sciences'],3,49,RELEASED,1,0,2025-08-22T15:29:07Z,2025-08-22T20:35:34Z,"[{'name': 'Paige Brochu', 'affiliation': 'Spatial Analysis Lab University of Vermont'}]",['Spatial Analysis Lab'],[{}],[{'country': ''}],,uvm,https://dataverse.uvm.edu
Canada Capital Region (ON and QC),dataset,https://doi.org/10.5072/FK2/FOUWKM,doi:10.5072/FK2/FOUWKM,"This dataset was developed as part of an Urban Tree Canopy Assessment. As such, it represents a 'top down' mapping perspective in which tree canopy over hanging other features is assigned to the tree canopy class. At the time of its creation this dataset represents the most detailed and accurate land cover dataset for the area based on input data years.",2025-08-22T20:39:01Z,Urban Tree Canopy Assessments (UTC),"Spatial Analysis Lab, 2025, ""Canada Capital Region (ON and QC)"", <a href=""https://doi.org/10.5072/FK2/FOUWKM"" target=""_blank"">https://doi.org/10.5072/FK2/FOUWKM</a>, University of Vermont Dataverse, V1",utc,Urban Tree Canopy Assessments (UTC),"Spatial Analysis Lab, 2025, ""Canada Capital Region (ON and QC)"", https://doi.org/10.5072/FK2/FOUWKM, University of Vermont Dataverse, V1",['Published'],file://10.5072/FK2/FOUWKM,"['tree canopy', 'tree canopy change', 'landcover', 'Canada Capital Region', 'Ontario', 'Quebec']",['Earth and Environmental Sciences'],3,55,RELEASED,1,0,2025-08-22T19:33:13Z,2025-08-22T20:39:01Z,"[{'name': 'Paige Brochu', 'affiliation': 'Spatial Analysis Lab University of Vermont'}]",['Spatial Analysis Lab'],,,,uvm,https://dataverse.uvm.edu
"Providence, RI",dataset,https://doi.org/10.5072/FK2/ELKAR3,doi:10.5072/FK2/ELKAR3,"This dataset was developed as part of an Urban Tree Canopy Assessment. As such, it represents a 'top down' mapping perspective in which tree canopy over hanging other features is assigned to the tree canopy class. At the time of its creation this dataset represents the most detailed and accurate land cover dataset for the area based on input data years.",2025-08-22T20:40:10Z,Urban Tree Canopy Assessments (UTC),"Spatial Analysis Lab, 2025, ""Providence, RI"", <a href=""https://doi.org/10.5072/FK2/ELKAR3"" target=""_blank"">https://doi.org/10.5072/FK2/ELKAR3</a>, University of Vermont Dataverse, V1",utc,Urban Tree Canopy Assessments (UTC),"Spatial Analysis Lab, 2025, ""Providence, RI"", https://doi.org/10.5072/FK2/ELKAR3, University of Vermont Dataverse, V1",['Published'],file://10.5072/FK2/ELKAR3,"['tree canopy', 'tree canopy change', 'landcover', 'Providence, RI', 'Rhode Island']",['Earth and Environmental Sciences'],3,57,RELEASED,1,0,2025-08-22T20:17:38Z,2025-08-22T20:40:10Z,"[{'name': 'Paige Brochu', 'affiliation': 'Spatial Analysis Lab University of Vermont'}]",['Spatial Analysis Lab'],,,,uvm,https://dataverse.uvm.edu
"Ferguson Township, PA",dataset,https://doi.org/10.5072/FK2/8MJKIH,doi:10.5072/FK2/8MJKIH,"This dataset was developed as part of an Urban Tree Canopy Assessment. As such, it represents a 'top down' mapping perspective in which tree canopy over hanging other features is assigned to the tree canopy class. At the time of its creation this dataset represents the most detailed and accurate land cover dataset for the area based on input data years.",2025-08-22T20:40:32Z,Urban Tree Canopy Assessments (UTC),"Spatial Analysis Lab, 2025, ""Ferguson Township, PA"", <a href=""https://doi.org/10.5072/FK2/8MJKIH"" target=""_blank"">https://doi.org/10.5072/FK2/8MJKIH</a>, University of Vermont Dataverse, V1",utc,Urban Tree Canopy Assessments (UTC),"Spatial Analysis Lab, 2025, ""Ferguson Township, PA"", https://doi.org/10.5072/FK2/8MJKIH, University of Vermont Dataverse, V1",['Published'],file://10.5072/FK2/8MJKIH,"['tree canopy', 'tree canopy change', 'landcover', 'Ferguson Township, PA', 'Pennsylvania']",['Earth and Environmental Sciences'],3,58,RELEASED,1,0,2025-08-22T20:29:14Z,2025-08-22T20:40:32Z,"[{'name': 'Paige Brochu', 'affiliation': 'Spatial Analysis Lab University of Vermont'}]",['Spatial Analysis Lab'],,,,uvm,https://dataverse.uvm.edu
"Philadelphia, PA",dataset,https://doi.org/10.5072/FK2/VHMLWT,doi:10.5072/FK2/VHMLWT,"This dataset was developed as part of an Urban Tree Canopy Assessment. As such, it represents a 'top down' mapping perspective in which tree canopy over hanging other features is assigned to the tree canopy class. At the time of its creation this dataset represents the most detailed and accurate land cover dataset for the area based on input data years.",2025-08-25T19:42:01Z,Urban Tree Canopy Assessments (UTC),"Spatial Analysis Lab, 2025, ""Philadelphia, PA"", <a href=""https://doi.org/10.5072/FK2/VHMLWT"" target=""_blank"">https://doi.org/10.5072/FK2/VHMLWT</a>, University of Vermont Dataverse, V1",utc,Urban Tree Canopy Assessments (UTC),"Spatial Analysis Lab, 2025, ""Philadelphia, PA"", https://doi.org/10.5072/FK2/VHMLWT, University of Vermont Dataverse, V1",['Published'],file://10.5072/FK2/VHMLWT,"['tree canopy', 'tree canopy change', 'landcover', 'Philadelphia, PA', 'Pennsylvania']",['Earth and Environmental Sciences'],3,61,RELEASED,1,0,2025-08-25T15:30:14Z,2025-08-25T19:42:01Z,"[{'name': 'Paige Brochu', 'affiliation': 'Spatial Analysis Lab University of Vermont'}]",['Spatial Analysis Lab'],,,,uvm,https://dataverse.uvm.edu
"Virginia Beach, VA",dataset,https://doi.org/10.5072/FK2/WYX9NL,doi:10.5072/FK2/WYX9NL,"This dataset was developed as part of an Urban Tree Canopy Assessment. As such, it represents a 'top down' mapping perspective in which tree canopy over hanging other features is assigned to the tree canopy class. At the time of its creation this dataset represents the most detailed and accurate land cover dataset for the area based on input data years.",2025-08-25T19:42:40Z,Urban Tree Canopy Assessments (UTC),"Spatial Analysis Lab, 2025, ""Virginia Beach, VA"", <a href=""https://doi.org/10.5072/FK2/WYX9NL"" target=""_blank"">https://doi.org/10.5072/FK2/WYX9NL</a>, University of Vermont Dataverse, V1",utc,Urban Tree Canopy Assessments (UTC),"Spatial Analysis Lab, 2025, ""Virginia Beach, VA"", https://doi.org/10.5072/FK2/WYX9NL, University of Vermont Dataverse, V1",['Published'],file://10.5072/FK2/WYX9NL,"['tree canopy', 'tree canopy change', 'landcover', 'Virginia Beach, VA', 'Virginia']",['Earth and Environmental Sciences'],3,62,RELEASED,1,0,2025-08-25T16:03:18Z,2025-08-25T19:42:40Z,"[{'name': 'Paige Brochu', 'affiliation': 'Spatial Analysis Lab University of Vermont'}]",['Spatial Analysis Lab'],,,,uvm,https://dataverse.uvm.edu
"Fairfax County, VA",dataset,https://doi.org/10.5072/FK2/GMYXAC,doi:10.5072/FK2/GMYXAC,"This dataset was developed as part of an Urban Tree Canopy Assessment. As such, it represents a 'top down' mapping perspective in which tree canopy over hanging other features is assigned to the tree canopy class. At the time of its creation this dataset represents the most detailed and accurate land cover dataset for the area based on input data years.",2025-08-25T19:44:44Z,Urban Tree Canopy Assessments (UTC),"Spatial Analysis Lab, 2025, ""Fairfax County, VA"", <a href=""https://doi.org/10.5072/FK2/GMYXAC"" target=""_blank"">https://doi.org/10.5072/FK2/GMYXAC</a>, University of Vermont Dataverse, V1",utc,Urban Tree Canopy Assessments (UTC),"Spatial Analysis Lab, 2025, ""Fairfax County, VA"", https://doi.org/10.5072/FK2/GMYXAC, University of Vermont Dataverse, V1",['Published'],file://10.5072/FK2/GMYXAC,"['tree canopy', 'tree canopy change', 'landcover', 'landcover change', 'Fairfax County, VA', 'Virginia']",['Earth and Environmental Sciences'],3,65,RELEASED,1,0,2025-08-25T19:18:21Z,2025-08-25T19:44:44Z,"[{'name': 'Paige Brochu', 'affiliation': 'Spatial Analysis Lab University of Vermont'}]",['Spatial Analysis Lab'],,,,uvm,https://dataverse.uvm.edu
"Kitchener, ON",dataset,https://doi.org/10.5072/FK2/OOLKFF,doi:10.5072/FK2/OOLKFF,"This dataset was developed as part of an Urban Tree Canopy Assessment. As such, it represents a 'top down' mapping perspective in which tree canopy over hanging other features is assigned to the tree canopy class. At the time of its creation this dataset represents the most detailed and accurate land cover dataset for the area based on input data years.",2025-08-25T19:45:36Z,Urban Tree Canopy Assessments (UTC),"Spatial Analysis Lab, 2025, ""Kitchener, ON"", <a href=""https://doi.org/10.5072/FK2/OOLKFF"" target=""_blank"">https://doi.org/10.5072/FK2/OOLKFF</a>, University of Vermont Dataverse, V1",utc,Urban Tree Canopy Assessments (UTC),"Spatial Analysis Lab, 2025, ""Kitchener, ON"", https://doi.org/10.5072/FK2/OOLKFF, University of Vermont Dataverse, V1",['Published'],file://10.5072/FK2/OOLKFF,"['tree canopy', 'tree canopy change', 'landcover', 'Kitchener, ON', 'Ontario']",['Earth and Environmental Sciences'],3,66,RELEASED,1,0,2025-08-25T19:29:11Z,2025-08-25T19:45:36Z,"[{'name': 'Paige Brochu', 'affiliation': 'Spatial Analysis Lab University of Vermont'}]",['Spatial Analysis Lab'],,,,uvm,https://dataverse.uvm.edu
"Thurston County, WA",dataset,https://doi.org/10.5072/FK2/AFYOTC,doi:10.5072/FK2/AFYOTC,"This dataset was developed as part of an Urban Tree Canopy Assessment. As such, it represents a 'top down' mapping perspective in which tree canopy over hanging other features is assigned to the tree canopy class. At the time of its creation this dataset represents the most detailed and accurate land cover dataset for the area based on input data years.",2025-08-07T17:57:02Z,Urban Tree Canopy Assessments (UTC),"Spatial Analysis Lab, 2025, ""Thurston County, WA"", <a href=""https://doi.org/10.5072/FK2/AFYOTC"" target=""_blank"">https://doi.org/10.5072/FK2/AFYOTC</a>, University of Vermont Dataverse, V1",utc,Urban Tree Canopy Assessments (UTC),"Spatial Analysis Lab, 2025, ""Thurston County, WA"", https://doi.org/10.5072/FK2/AFYOTC, University of Vermont Dataverse, V1",['Published'],file://10.5072/FK2/AFYOTC,"['tree canopy', 'tree canopy change', 'landcover', 'Olympia, WA', 'Thurston County, WA']",['Earth and Environmental Sciences'],4,12,RELEASED,1,0,2025-07-28T19:45:13Z,2025-08-07T17:57:02Z,"[{'name': 'Paige Brochu', 'affiliation': 'Spatial Analysis Lab University of Vermont'}]",['Spatial Analysis Lab'],,,,uvm,https://dataverse.uvm.edu
"Seattle, WA",dataset,https://doi.org/10.5072/FK2/3NFNSL,doi:10.5072/FK2/3NFNSL,"This dataset was developed as part of an Urban Tree Canopy Assessment. As such, it represents a 'top down' mapping perspective in which tree canopy over hanging other features is assigned to the tree canopy class. At the time of its creation this dataset represents the most detailed and accurate land cover dataset for the area based on input data years.",2025-08-07T18:04:55Z,Urban Tree Canopy Assessments (UTC),"Spatial Analysis Lab, 2025, ""Seattle, WA"", <a href=""https://doi.org/10.5072/FK2/3NFNSL"" target=""_blank"">https://doi.org/10.5072/FK2/3NFNSL</a>, University of Vermont Dataverse, V1",utc,Urban Tree Canopy Assessments (UTC),"Spatial Analysis Lab, 2025, ""Seattle, WA"", https://doi.org/10.5072/FK2/3NFNSL, University of Vermont Dataverse, V1",['Published'],file://10.5072/FK2/3NFNSL,"['tree canopy', 'tree canopy change', 'landcover', 'Seattle, WA']",['Earth and Environmental Sciences'],4,15,RELEASED,1,0,2025-07-29T14:49:20Z,2025-08-07T18:04:55Z,"[{'name': 'Paige Brochu', 'affiliation': 'Spatial Analysis Lab University of Vermont'}]",['Spatial Analysis Lab'],,,,uvm,https://dataverse.uvm.edu
"Lancaster, PA",dataset,https://doi.org/10.5072/FK2/ZWH7TY,doi:10.5072/FK2/ZWH7TY,"This dataset was developed as part of an Urban Tree Canopy Assessment. As such, it represents a 'top down' mapping perspective in which tree canopy over hanging other features is assigned to the tree canopy class. At the time of its creation this dataset represents the most detailed and accurate land cover dataset for the area based on input data years.",2025-08-07T17:57:16Z,Urban Tree Canopy Assessments (UTC),"Spatial Analysis Lab, 2025, ""Lancaster, PA"", <a href=""https://doi.org/10.5072/FK2/ZWH7TY"" target=""_blank"">https://doi.org/10.5072/FK2/ZWH7TY</a>, University of Vermont Dataverse, V1",utc,Urban Tree Canopy Assessments (UTC),"Spatial Analysis Lab, 2025, ""Lancaster, PA"", https://doi.org/10.5072/FK2/ZWH7TY, University of Vermont Dataverse, V1",['Published'],file://10.5072/FK2/ZWH7TY,"['tree canopy', 'tree canopy change', 'landcover', 'Lancaster, PA']",['Earth and Environmental Sciences'],4,27,RELEASED,1,1,2025-08-07T17:57:02Z,2025-08-07T20:06:05Z,"[{'name': 'Paige Brochu', 'affiliation': 'Spatial Analysis Lab University of Vermont'}]",['Spatial Analysis Lab'],[{}],[{'country': ''}],,uvm,https://dataverse.uvm.edu
"Edmonds, WA",dataset,https://doi.org/10.5072/FK2/UL0FVX,doi:10.5072/FK2/UL0FVX,"This dataset was developed as part of an Urban Tree Canopy Assessment. As such, it represents a 'top down' mapping perspective in which tree canopy over hanging other features is assigned to the tree canopy class. At the time of its creation this dataset represents the most detailed and accurate land cover dataset for the area based on input data years.",2025-08-07T17:58:21Z,Urban Tree Canopy Assessments (UTC),"Spatial Analysis Lab, 2025, ""Edmonds, WA"", <a href=""https://doi.org/10.5072/FK2/UL0FVX"" target=""_blank"">https://doi.org/10.5072/FK2/UL0FVX</a>, University of Vermont Dataverse, V1",utc,Urban Tree Canopy Assessments (UTC),"Spatial Analysis Lab, 2025, ""Edmonds, WA"", https://doi.org/10.5072/FK2/UL0FVX, University of Vermont Dataverse, V1",['Published'],file://10.5072/FK2/UL0FVX,"['tree canopy', 'tree canopy change', 'landcover', 'Edmonds, WA']",['Earth and Environmental Sciences'],3,25,RELEASED,1,1,2025-08-07T14:55:20Z,2025-08-07T20:03:36Z,"[{'name': 'Paige Brochu', 'affiliation': 'Spatial Analysis Lab University of Vermont'}]",['Spatial Analysis Lab'],[{}],[{'country': ''}],,uvm,https://dataverse.uvm.edu
"Jefferson County, KY",dataset,https://doi.org/10.5072/FK2/NKQE7K,doi:10.5072/FK2/NKQE7K,"This dataset was developed as part of an Urban Tree Canopy Assessment. As such, it represents a 'top down' mapping perspective in which tree canopy over hanging other features is assigned to the tree canopy class. At the time of its creation this dataset represents the most detailed and accurate land cover dataset for the area based on input data years.",2025-08-07T17:58:59Z,Urban Tree Canopy Assessments (UTC),"Spatial Analysis Lab, 2025, ""Jefferson County, KY"", <a href=""https://doi.org/10.5072/FK2/NKQE7K"" target=""_blank"">https://doi.org/10.5072/FK2/NKQE7K</a>, University of Vermont Dataverse, V1",utc,Urban Tree Canopy Assessments (UTC),"Spatial Analysis Lab, 2025, ""Jefferson County, KY"", https://doi.org/10.5072/FK2/NKQE7K, University of Vermont Dataverse, V1",['Published'],file://10.5072/FK2/NKQE7K,"['tree canopy', 'tree canopy change', 'landcover', 'Louisville, KY', 'Jefferson County, KY']",['Earth and Environmental Sciences'],3,21,RELEASED,1,0,2025-08-07T15:58:24Z,2025-08-07T17:58:59Z,"[{'name': 'Paige Brochu', 'affiliation': 'Spatial Analysis Lab University of Vermont'}]",['Spatial Analysis Lab'],,,,uvm,https://dataverse.uvm.edu
"Hamilton County, OH",dataset,https://doi.org/10.5072/FK2/ACKSDU,doi:10.5072/FK2/ACKSDU,"This dataset was developed as part of an Urban Tree Canopy Assessment. As such, it represents a 'top down' mapping perspective in which tree canopy over hanging other features is assigned to the tree canopy class. At the time of its creation this dataset represents the most detailed and accurate land cover dataset for the area based on input data years.",2025-08-07T17:57:44Z,Urban Tree Canopy Assessments (UTC),"Spatial Analysis Lab, 2025, ""Hamilton County, OH"", <a href=""https://doi.org/10.5072/FK2/ACKSDU"" target=""_blank"">https://doi.org/10.5072/FK2/ACKSDU</a>, University of Vermont Dataverse, V1",utc,Urban Tree Canopy Assessments (UTC),"Spatial Analysis Lab, 2025, ""Hamilton County, OH"", https://doi.org/10.5072/FK2/ACKSDU, University of Vermont Dataverse, V1",['Published'],file://10.5072/FK2/ACKSDU,"['tree canopy', 'tree canopy change', 'landcover', 'Hamilton County, OH', 'Cincinnati, OH']",['Earth and Environmental Sciences'],3,26,RELEASED,1,1,2025-08-07T17:18:50Z,2025-08-07T20:04:44Z,"[{'name': 'Paige Brochu', 'affiliation': 'Spatial Analysis Lab University of Vermont'}]",['Spatial Analysis Lab'],[{}],[{'country': ''}],,uvm,https://dataverse.uvm.edu
"Tampa, FL",dataset,https://doi.org/10.5072/FK2/WSBBJO,doi:10.5072/FK2/WSBBJO,"This dataset was developed as part of an Urban Tree Canopy Assessment. As such, it represents a 'top down' mapping perspective in which tree canopy over hanging other features is assigned to the tree canopy class. At the time of its creation this dataset represents the most detailed and accurate land cover dataset for the area based on input data years.",2025-08-07T20:16:54Z,Urban Tree Canopy Assessments (UTC),"Spatial Analysis Lab, 2025, ""Tampa, FL"", <a href=""https://doi.org/10.5072/FK2/WSBBJO"" target=""_blank"">https://doi.org/10.5072/FK2/WSBBJO</a>, University of Vermont Dataverse, V1",utc,Urban Tree Canopy Assessments (UTC),"Spatial Analysis Lab, 2025, ""Tampa, FL"", https://doi.org/10.5072/FK2/WSBBJO, University of Vermont Dataverse, V1",['Published'],file://10.5072/FK2/WSBBJO,"['tree canopy', 'tree canopy change', 'landcover', 'Tampa, FL']",['Earth and Environmental Sciences'],3,29,RELEASED,1,0,2025-08-07T20:15:44Z,2025-08-07T20:16:54Z,"[{'name': 'Paige Brochu', 'affiliation': 'Spatial Analysis Lab University of Vermont'}]",['Spatial Analysis Lab'],[{}],[{'country': ''}],,uvm,https://dataverse.uvm.edu
"Annapolis, MD",dataset,https://doi.org/10.5072/FK2/NSI6FJ,doi:10.5072/FK2/NSI6FJ,"This dataset was developed as part of an Urban Tree Canopy Assessment. As such, it represents a 'top down' mapping perspective in which tree canopy over hanging other features is assigned to the tree canopy class. At the time of its creation this dataset represents the most detailed and accurate land cover dataset for the area based on input data years.",2025-08-20T20:27:58Z,Urban Tree Canopy Assessments (UTC),"Spatial Analysis Lab, 2025, ""Annapolis, MD"", <a href=""https://doi.org/10.5072/FK2/NSI6FJ"" target=""_blank"">https://doi.org/10.5072/FK2/NSI6FJ</a>, University of Vermont Dataverse, V1",utc,Urban Tree Canopy Assessments (UTC),"Spatial Analysis Lab, 2025, ""Annapolis, MD"", https://doi.org/10.5072/FK2/NSI6FJ, University of Vermont Dataverse, V1",['Published'],file://10.5072/FK2/NSI6FJ,"['tree canopy', 'tree canopy change', 'landcover', 'Annapolis, MD']",['Earth and Environmental Sciences'],3,40,RELEASED,1,0,2025-08-13T15:18:31Z,2025-08-20T20:27:58Z,"[{'name': 'Paige Brochu', 'affiliation': 'Spatial Analysis Lab University of Vermont'}]",['Spatial Analysis Lab'],,,,uvm,https://dataverse.uvm.edu
"Cook County, IL",dataset,https://doi.org/10.5072/FK2/GA2SVS,doi:10.5072/FK2/GA2SVS,"This dataset was developed as part of an Urban Tree Canopy Assessment. As such, it represents a 'top down' mapping perspective in which tree canopy over hanging other features is assigned to the tree canopy class. At the time of its creation this dataset represents the most detailed and accurate land cover dataset for the area based on input data years.",2025-08-20T20:28:38Z,Urban Tree Canopy Assessments (UTC),"Spatial Analysis Lab, 2025, ""Cook County, IL"", <a href=""https://doi.org/10.5072/FK2/GA2SVS"" target=""_blank"">https://doi.org/10.5072/FK2/GA2SVS</a>, University of Vermont Dataverse, V1",utc,Urban Tree Canopy Assessments (UTC),"Spatial Analysis Lab, 2025, ""Cook County, IL"", https://doi.org/10.5072/FK2/GA2SVS, University of Vermont Dataverse, V1",['Published'],file://10.5072/FK2/GA2SVS,"['tree canopy', 'tree canopy change', 'landcover', 'Cook County, IL', 'Chicago Region', 'Illinois']",['Earth and Environmental Sciences'],3,41,RELEASED,1,0,2025-08-20T13:43:46Z,2025-08-20T20:28:38Z,"[{'name': 'Paige Brochu', 'affiliation': 'Spatial Analysis Lab University of Vermont'}]",['Spatial Analysis Lab'],,,,uvm,https://dataverse.uvm.edu
"DuPage County, IL",dataset,https://doi.org/10.5072/FK2/XBKLMQ,doi:10.5072/FK2/XBKLMQ,"This dataset was developed as part of an Urban Tree Canopy Assessment. As such, it represents a 'top down' mapping perspective in which tree canopy over hanging other features is assigned to the tree canopy class. At the time of its creation this dataset represents the most detailed and accurate land cover dataset for the area based on input data years.",2025-08-20T20:29:06Z,Urban Tree Canopy Assessments (UTC),"Spatial Analysis Lab, 2025, ""DuPage County, IL"", <a href=""https://doi.org/10.5072/FK2/XBKLMQ"" target=""_blank"">https://doi.org/10.5072/FK2/XBKLMQ</a>, University of Vermont Dataverse, V1",utc,Urban Tree Canopy Assessments (UTC),"Spatial Analysis Lab, 2025, ""DuPage County, IL"", https://doi.org/10.5072/FK2/XBKLMQ, University of Vermont Dataverse, V1",['Published'],file://10.5072/FK2/XBKLMQ,"['tree canopy', 'tree canopy change', 'landcover', 'DuPage County, IL', 'Chicago Region', 'Illinois']",['Earth and Environmental Sciences'],3,42,RELEASED,1,0,2025-08-20T14:55:53Z,2025-08-20T20:29:06Z,"[{'name': 'Paige Brochu', 'affiliation': 'Spatial Analysis Lab University of Vermont'}]",['Spatial Analysis Lab'],,,,uvm,https://dataverse.uvm.edu
"Kane County, IL",dataset,https://doi.org/10.5072/FK2/1LPPJ6,doi:10.5072/FK2/1LPPJ6,"This dataset was developed as part of an Urban Tree Canopy Assessment. As such, it represents a 'top down' mapping perspective in which tree canopy over hanging other features is assigned to the tree canopy class. At the time of its creation this dataset represents the most detailed and accurate land cover dataset for the area based on input data years.",2025-08-20T20:29:54Z,Urban Tree Canopy Assessments (UTC),"Spatial Analysis Lab, 2025, ""Kane County, IL"", <a href=""https://doi.org/10.5072/FK2/1LPPJ6"" target=""_blank"">https://doi.org/10.5072/FK2/1LPPJ6</a>, University of Vermont Dataverse, V1",utc,Urban Tree Canopy Assessments (UTC),"Spatial Analysis Lab, 2025, ""Kane County, IL"", https://doi.org/10.5072/FK2/1LPPJ6, University of Vermont Dataverse, V1",['Published'],file://10.5072/FK2/1LPPJ6,"['tree canopy', 'tree canopy change', 'landcover', 'Kane County, IL', 'Chicago Region', 'Illinois']",['Earth and Environmental Sciences'],3,43,RELEASED,1,0,2025-08-20T15:56:37Z,2025-08-20T20:29:54Z,"[{'name': 'Paige Brochu', 'affiliation': 'Spatial Analysis Lab University of Vermont'}]",['Spatial Analysis Lab'],,,,uvm,https://dataverse.uvm.edu
"Kendall County, IL",dataset,https://doi.org/10.5072/FK2/CZTYSW,doi:10.5072/FK2/CZTYSW,"This dataset was developed as part of an Urban Tree Canopy Assessment. As such, it represents a 'top down' mapping perspective in which tree canopy over hanging other features is assigned to the tree canopy class. At the time of its creation this dataset represents the most detailed and accurate land cover dataset for the area based on input data years.",2025-08-20T20:30:25Z,Urban Tree Canopy Assessments (UTC),"Spatial Analysis Lab, 2025, ""Kendall County, IL"", <a href=""https://doi.org/10.5072/FK2/CZTYSW"" target=""_blank"">https://doi.org/10.5072/FK2/CZTYSW</a>, University of Vermont Dataverse, V1",utc,Urban Tree Canopy Assessments (UTC),"Spatial Analysis Lab, 2025, ""Kendall County, IL"", https://doi.org/10.5072/FK2/CZTYSW, University of Vermont Dataverse, V1",['Published'],file://10.5072/FK2/CZTYSW,"['tree canopy', 'tree canopy change', 'landcover', 'Kendall County, IL', 'Chicago Region', 'Illinois']",['Earth and Environmental Sciences'],3,44,RELEASED,1,0,2025-08-20T17:20:19Z,2025-08-20T20:30:25Z,"[{'name': 'Paige Brochu', 'affiliation': 'Spatial Analysis Lab University of Vermont'}]",['Spatial Analysis Lab'],,,,uvm,https://dataverse.uvm.edu
"Lake County, IL",dataset,https://doi.org/10.5072/FK2/XC14NS,doi:10.5072/FK2/XC14NS,"This dataset was developed as part of an Urban Tree Canopy Assessment. As such, it represents a 'top down' mapping perspective in which tree canopy over hanging other features is assigned to the tree canopy class. At the time of its creation this dataset represents the most detailed and accurate land cover dataset for the area based on input data years.",2025-08-20T20:30:49Z,Urban Tree Canopy Assessments (UTC),"Spatial Analysis Lab, 2025, ""Lake County, IL"", <a href=""https://doi.org/10.5072/FK2/XC14NS"" target=""_blank"">https://doi.org/10.5072/FK2/XC14NS</a>, University of Vermont Dataverse, V1",utc,Urban Tree Canopy Assessments (UTC),"Spatial Analysis Lab, 2025, ""Lake County, IL"", https://doi.org/10.5072/FK2/XC14NS, University of Vermont Dataverse, V1",['Published'],file://10.5072/FK2/XC14NS,"['tree canopy', 'tree canopy change', 'landcover', 'Lake County, IL', 'Chicago Region', 'Illinois']",['Earth and Environmental Sciences'],3,45,RELEASED,1,0,2025-08-20T19:15:40Z,2025-08-20T20:30:49Z,"[{'name': 'Paige Brochu', 'affiliation': 'Spatial Analysis Lab University of Vermont'}]",['Spatial Analysis Lab'],,,,uvm,https://dataverse.uvm.edu
"McHenry County, IL",dataset,https://doi.org/10.5072/FK2/EZLLVH,doi:10.5072/FK2/EZLLVH,"This dataset was developed as part of an Urban Tree Canopy Assessment. As such, it represents a 'top down' mapping perspective in which tree canopy over hanging other features is assigned to the tree canopy class. At the time of its creation this dataset represents the most detailed and accurate land cover dataset for the area based on input data years.",2025-08-20T20:31:20Z,Urban Tree Canopy Assessments (UTC),"Spatial Analysis Lab, 2025, ""McHenry County, IL"", <a href=""https://doi.org/10.5072/FK2/EZLLVH"" target=""_blank"">https://doi.org/10.5072/FK2/EZLLVH</a>, University of Vermont Dataverse, V1",utc,Urban Tree Canopy Assessments (UTC),"Spatial Analysis Lab, 2025, ""McHenry County, IL"", https://doi.org/10.5072/FK2/EZLLVH, University of Vermont Dataverse, V1",['Published'],file://10.5072/FK2/EZLLVH,"['tree canopy', 'tree canopy change', 'landcover', 'McHenry County, IL', 'Chicago Region', 'Illinois']",['Earth and Environmental Sciences'],3,46,RELEASED,1,0,2025-08-20T20:10:08Z,2025-08-20T20:31:20Z,"[{'name': 'Paige Brochu', 'affiliation': 'Spatial Analysis Lab University of Vermont'}]",['Spatial Analysis Lab'],,,,uvm,https://dataverse.uvm.edu
"Durham, NC",dataset,https://doi.org/10.5072/FK2/H20TNV,doi:10.5072/FK2/H20TNV,"This dataset was developed as part of an Urban Tree Canopy Assessment. As such, it represents a 'top down' mapping perspective in which tree canopy over hanging other features is assigned to the tree canopy class. At the time of its creation this dataset represents the most detailed and accurate land cover dataset for the area based on input data years.",2025-08-25T19:41:16Z,Urban Tree Canopy Assessments (UTC),"Spatial Analysis Lab, 2025, ""Durham, NC"", <a href=""https://doi.org/10.5072/FK2/H20TNV"" target=""_blank"">https://doi.org/10.5072/FK2/H20TNV</a>, University of Vermont Dataverse, V1",utc,Urban Tree Canopy Assessments (UTC),"Spatial Analysis Lab, 2025, ""Durham, NC"", https://doi.org/10.5072/FK2/H20TNV, University of Vermont Dataverse, V1",['Published'],file://10.5072/FK2/H20TNV,"['tree canopy', 'landcover', 'Durham, NC', 'North Carolina']",['Earth and Environmental Sciences'],2,60,RELEASED,1,0,2025-08-25T14:49:02Z,2025-08-25T19:41:16Z,"[{'name': 'Paige Brochu', 'affiliation': 'Spatial Analysis Lab University of Vermont'}]",['Spatial Analysis Lab'],,,,uvm,https://dataverse.uvm.edu
"Allegheny County, PA",dataset,https://doi.org/10.5072/FK2/EU1ZGN,doi:10.5072/FK2/EU1ZGN,"This dataset was developed as part of an Urban Tree Canopy Assessment. As such, it represents a 'top down' mapping perspective in which tree canopy over hanging other features is assigned to the tree canopy class. At the time of its creation this dataset represents the most detailed and accurate land cover dataset for the area based on input data years.",2025-08-25T19:43:16Z,Urban Tree Canopy Assessments (UTC),"Spatial Analysis Lab, 2025, ""Allegheny County, PA"", <a href=""https://doi.org/10.5072/FK2/EU1ZGN"" target=""_blank"">https://doi.org/10.5072/FK2/EU1ZGN</a>, University of Vermont Dataverse, V1",utc,Urban Tree Canopy Assessments (UTC),"Spatial Analysis Lab, 2025, ""Allegheny County, PA"", https://doi.org/10.5072/FK2/EU1ZGN, University of Vermont Dataverse, V1",['Published'],file://10.5072/FK2/EU1ZGN,"['tree canopy', 'tree canopy change', 'Allegheny County, PA', 'Pennsylvania']",['Earth and Environmental Sciences'],2,63,RELEASED,1,0,2025-08-25T16:58:56Z,2025-08-25T19:43:16Z,"[{'name': 'Paige Brochu', 'affiliation': 'Spatial Analysis Lab University of Vermont'}]",['Spatial Analysis Lab'],,,,uvm,https://dataverse.uvm.edu
"York County, PA",dataset,https://doi.org/10.5072/FK2/SVOHPL,doi:10.5072/FK2/SVOHPL,"This dataset was developed as part of an Urban Tree Canopy Assessment. As such, it represents a 'top down' mapping perspective in which tree canopy over hanging other features is assigned to the tree canopy class. At the time of its creation this dataset represents the most detailed and accurate land cover dataset for the area based on input data years.",2025-08-25T19:44:23Z,Urban Tree Canopy Assessments (UTC),"Spatial Analysis Lab, 2025, ""York County, PA"", <a href=""https://doi.org/10.5072/FK2/SVOHPL"" target=""_blank"">https://doi.org/10.5072/FK2/SVOHPL</a>, University of Vermont Dataverse, V1",utc,Urban Tree Canopy Assessments (UTC),"Spatial Analysis Lab, 2025, ""York County, PA"", https://doi.org/10.5072/FK2/SVOHPL, University of Vermont Dataverse, V1",['Published'],file://10.5072/FK2/SVOHPL,"['tree canopy', 'landcover', 'York County, PA', 'Pennsylvania']",['Earth and Environmental Sciences'],2,64,RELEASED,1,0,2025-08-25T17:29:54Z,2025-08-25T19:44:23Z,"[{'name': 'Paige Brochu', 'affiliation': 'Spatial Analysis Lab University of Vermont'}]",['Spatial Analysis Lab'],,,,uvm,https://dataverse.uvm.edu
"Fort Collins, CO",dataset,https://doi.org/10.5072/FK2/EM7PGJ,doi:10.5072/FK2/EM7PGJ,"This dataset was developed as part of an Urban Tree Canopy Assessment. As such, it represents a 'top down' mapping perspective in which tree canopy over hanging other features is assigned to the tree canopy class. At the time of its creation this dataset represents the most detailed and accurate land cover dataset for the area based on input data years.",2025-08-25T19:46:14Z,Urban Tree Canopy Assessments (UTC),"Spatial Analysis Lab, 2025, ""Fort Collins, CO"", <a href=""https://doi.org/10.5072/FK2/EM7PGJ"" target=""_blank"">https://doi.org/10.5072/FK2/EM7PGJ</a>, University of Vermont Dataverse, V1",utc,Urban Tree Canopy Assessments (UTC),"Spatial Analysis Lab, 2025, ""Fort Collins, CO"", https://doi.org/10.5072/FK2/EM7PGJ, University of Vermont Dataverse, V1",['Published'],file://10.5072/FK2/EM7PGJ,"['tree canopy', 'landcover', 'Fort Collins, CO', 'Colorado']",['Earth and Environmental Sciences'],2,67,RELEASED,1,0,2025-08-25T19:35:24Z,2025-08-25T19:46:14Z,"[{'name': 'Paige Brochu', 'affiliation': 'Spatial Analysis Lab University of Vermont'}]",['Spatial Analysis Lab'],,,,uvm,https://dataverse.uvm.edu
Southern Connecticut Region,dataset,https://doi.org/10.5072/FK2/UPOSXA,doi:10.5072/FK2/UPOSXA,"This dataset was developed as part of an Urban Tree Canopy Assessment. As such, it represents a 'top down' mapping perspective in which tree canopy over hanging other features is assigned to the tree canopy class. At the time of its creation this dataset represents the most detailed and accurate land cover dataset for the area based on input data years.",2025-08-27T17:12:13Z,Urban Tree Canopy Assessments (UTC),"Spatial Analysis Lab, 2025, ""Southern Connecticut Region"", <a href=""https://doi.org/10.5072/FK2/UPOSXA"" target=""_blank"">https://doi.org/10.5072/FK2/UPOSXA</a>, University of Vermont Dataverse, V1",utc,Urban Tree Canopy Assessments (UTC),"Spatial Analysis Lab, 2025, ""Southern Connecticut Region"", https://doi.org/10.5072/FK2/UPOSXA, University of Vermont Dataverse, V1",['Published'],file://10.5072/FK2/UPOSXA,"['tree canopy', 'landcover', 'Southern Connecticut']",['Earth and Environmental Sciences'],2,70,RELEASED,1,0,2025-08-27T17:11:42Z,2025-08-27T17:12:13Z,"[{'name': 'Paige Brochu', 'affiliation': 'Spatial Analysis Lab University of Vermont'}]",['Spatial Analysis Lab'],,,,uvm,https://dataverse.uvm.edu
"Boise, ID",dataset,https://doi.org/10.5072/FK2/TNEFV9,doi:10.5072/FK2/TNEFV9,"This dataset was developed as part of an Urban Tree Canopy Assessment. As such, it represents a 'top down' mapping perspective in which tree canopy over hanging other features is assigned to the tree canopy class. At the time of its creation this dataset represents the most detailed and accurate land cover dataset for the area based on input data years.",2025-08-07T18:05:29Z,Urban Tree Canopy Assessments (UTC),"Spatial Analysis Lab, 2025, ""Boise, ID"", <a href=""https://doi.org/10.5072/FK2/TNEFV9"" target=""_blank"">https://doi.org/10.5072/FK2/TNEFV9</a>, University of Vermont Dataverse, V1",utc,Urban Tree Canopy Assessments (UTC),"Spatial Analysis Lab, 2025, ""Boise, ID"", https://doi.org/10.5072/FK2/TNEFV9, University of Vermont Dataverse, V1",['Published'],file://10.5072/FK2/TNEFV9,"['tree canopy', 'tree canopy change', 'landcover']",['Earth and Environmental Sciences'],3,11,RELEASED,1,0,2025-07-28T18:52:47Z,2025-08-07T18:05:29Z,"[{'name': 'Paige Brochu', 'affiliation': 'Spatial Analysis Lab University of Vermont'}]",['Spatial Analysis Lab'],,,,uvm,https://dataverse.uvm.edu
"Montgomery County, MD",dataset,https://doi.org/10.5072/FK2/J2DVDX,doi:10.5072/FK2/J2DVDX,"This dataset was developed as part of an Urban Tree Canopy Assessment. As such, it represents a 'top down' mapping perspective in which tree canopy over hanging other features is assigned to the tree canopy class. At the time of its creation this dataset represents the most detailed and accurate land cover dataset for the area based on input data years.",2025-08-07T19:35:27Z,Urban Tree Canopy Assessments (UTC),"Spatial Analysis Lab, 2025, ""Montgomery County, MD"", <a href=""https://doi.org/10.5072/FK2/J2DVDX"" target=""_blank"">https://doi.org/10.5072/FK2/J2DVDX</a>, University of Vermont Dataverse, V1",utc,Urban Tree Canopy Assessments (UTC),"Spatial Analysis Lab, 2025, ""Montgomery County, MD"", https://doi.org/10.5072/FK2/J2DVDX, University of Vermont Dataverse, V1",['Published'],file://10.5072/FK2/J2DVDX,"['tree canopy', 'tree canopy change', 'Montgomery County, MD']",['Earth and Environmental Sciences'],3,13,RELEASED,1,0,2025-07-28T20:36:24Z,2025-08-07T19:35:27Z,"[{'name': 'Paige Brochu', 'affiliation': 'Spatial Analysis Lab University of Vermont'}]",['Spatial Analysis Lab'],,,,uvm,https://dataverse.uvm.edu
"Franklin County, OH",dataset,https://doi.org/10.5072/FK2/58VPP8,doi:10.5072/FK2/58VPP8,"This dataset was developed as part of an Urban Tree Canopy Assessment. As such, it represents a 'top down' mapping perspective in which tree canopy over hanging other features is assigned to the tree canopy class. At the time of its creation this dataset represents the most detailed and accurate land cover dataset for the area based on input data years.",2025-08-07T18:04:32Z,Urban Tree Canopy Assessments (UTC),"Spatial Analysis Lab, 2025, ""Franklin County, OH"", <a href=""https://doi.org/10.5072/FK2/58VPP8"" target=""_blank"">https://doi.org/10.5072/FK2/58VPP8</a>, University of Vermont Dataverse, V1",utc,Urban Tree Canopy Assessments (UTC),"Spatial Analysis Lab, 2025, ""Franklin County, OH"", https://doi.org/10.5072/FK2/58VPP8, University of Vermont Dataverse, V1",['Published'],file://10.5072/FK2/58VPP8,"['tree canopy', 'tree canopy change', 'landcover', 'Colombus, OH', 'Franklin County, OH']",['Earth and Environmental Sciences'],3,16,RELEASED,1,0,2025-07-29T15:11:41Z,2025-08-07T18:04:32Z,"[{'name': 'Paige Brochu', 'affiliation': 'Spatial Analysis Lab University of Vermont'}]",['Spatial Analysis Lab'],,,,uvm,https://dataverse.uvm.edu
"Lexington, MA",dataset,https://doi.org/10.5072/FK2/EW91ZW,doi:10.5072/FK2/EW91ZW,"This dataset was developed as part of an Urban Tree Canopy Assessment. As such, it represents a 'top down' mapping perspective in which tree canopy over hanging other features is assigned to the tree canopy class. At the time of its creation this dataset represents the most detailed and accurate land cover dataset for the area based on input data years.",2025-08-07T18:00:40Z,Urban Tree Canopy Assessments (UTC),"Spatial Analysis Lab, 2025, ""Lexington, MA"", <a href=""https://doi.org/10.5072/FK2/EW91ZW"" target=""_blank"">https://doi.org/10.5072/FK2/EW91ZW</a>, University of Vermont Dataverse, V1",utc,Urban Tree Canopy Assessments (UTC),"Spatial Analysis Lab, 2025, ""Lexington, MA"", https://doi.org/10.5072/FK2/EW91ZW, University of Vermont Dataverse, V1",['Published'],file://10.5072/FK2/EW91ZW,"['tree canopy', 'tree canopy change', 'landcover']",['Earth and Environmental Sciences'],3,28,RELEASED,1,1,2025-07-29T15:30:33Z,2025-08-07T20:11:00Z,"[{'name': 'Paige Brochu', 'affiliation': 'Spatial Analysis Lab University of Vermont'}]",['Spatial Analysis Lab'],[{}],[{'country': ''}],,uvm,https://dataverse.uvm.edu
"Alexandria, VA",dataset,https://doi.org/10.5072/FK2/AX6ELT,doi:10.5072/FK2/AX6ELT,"This dataset was developed as part of an Urban Tree Canopy Assessment. As such, it represents a 'top down' mapping perspective in which tree canopy over hanging other features is assigned to the tree canopy class. At the time of its creation this dataset represents the most detailed and accurate land cover dataset for the area based on input data years.",2025-08-07T17:58:42Z,Urban Tree Canopy Assessments (UTC),"Spatial Analysis Lab, 2025, ""Alexandria, VA"", <a href=""https://doi.org/10.5072/FK2/AX6ELT"" target=""_blank"">https://doi.org/10.5072/FK2/AX6ELT</a>, University of Vermont Dataverse, V1",utc,Urban Tree Canopy Assessments (UTC),"Spatial Analysis Lab, 2025, ""Alexandria, VA"", https://doi.org/10.5072/FK2/AX6ELT, University of Vermont Dataverse, V1",['Published'],file://10.5072/FK2/AX6ELT,"['tree canopy', 'tree canopy change', 'landcover', 'Alexandria, VA']",['Earth and Environmental Sciences'],3,24,RELEASED,1,1,2025-08-07T14:30:01Z,2025-08-07T20:03:19Z,"[{'name': 'Paige Brochu', 'affiliation': 'Spatial Analysis Lab University of Vermont'}]",['Spatial Analysis Lab'],[{}],[{'country': ''}],,uvm,https://dataverse.uvm.edu
Vermont Zoning Atlas,dataset,https://doi.org/10.5072/FK2/LM47F3,doi:10.5072/FK2/LM47F3,"The Vermont Zoning Atlas (VTZA) Pod will creates a state-wide Zoning Atlas (following the standards of the National Zoning Atlas) that will encompass all of Vermont’s 237 towns, 10 cities, 5 unincorporated areas, and 4 gores in collaboration with the 11 regional planning commissions of VAPDA and various State of Vermont Agencies. The Vermont Zoning Atlas is a geospatial dataset that converts local zoning law into a GIS format",2025-04-01T17:52:19Z,Vermont Research Open Source Program Office,"Admin, Dataverse, 2025, ""Vermont Zoning Atlas"", <a href=""https://doi.org/10.5072/FK2/LM47F3"" target=""_blank"">https://doi.org/10.5072/FK2/LM47F3</a>, University of Vermont Dataverse, V1",verso,Vermont Research Open Source Program Office,"Admin, Dataverse, 2025, ""Vermont Zoning Atlas"", https://doi.org/10.5072/FK2/LM47F3, University of Vermont Dataverse, V1",['Published'],file://10.5072/FK2/LM47F3,,['Law'],1,1,RELEASED,1,0,2025-04-01T17:48:11Z,2025-04-01T17:52:19Z,"[{'name': 'Admin, Dataverse', 'affiliation': 'Dataverse.org'}]","['Admin, Dataverse']",[{'url': 'https://github.com/VERSO-UVM/VT_Zoning_Atlas'}],,,uvm,https://dataverse.uvm.edu
"Denver, CO",dataset,https://doi.org/10.5072/FK2/RCFQ81,doi:10.5072/FK2/RCFQ81,"This dataset was developed as part of the Denver Regional 2020 Land Cover Mapping Project. As such, it represents a 'top down' mapping perspective in which tree canopy over hanging other features is assigned to the tree canopy class. At the time of its creation this dataset represents the most detailed and accurate land cover dataset for the area.",2025-08-20T20:21:17Z,Urban Tree Canopy Assessments (UTC),"Spatial Analysis Lab, 2025, ""Denver, CO"", <a href=""https://doi.org/10.5072/FK2/RCFQ81"" target=""_blank"">https://doi.org/10.5072/FK2/RCFQ81</a>, University of Vermont Dataverse, V1",utc,Urban Tree Canopy Assessments (UTC),"Spatial Analysis Lab, 2025, ""Denver, CO"", https://doi.org/10.5072/FK2/RCFQ81, University of Vermont Dataverse, V1",['Published'],file://10.5072/FK2/RCFQ81,"['tree canopy', 'landcover', 'Denver, CO', 'Denver Region']",['Earth and Environmental Sciences'],2,30,RELEASED,1,0,2025-08-11T17:21:25Z,2025-08-20T20:21:17Z,"[{'name': 'Paige Brochu', 'affiliation': 'Spatial Analysis Lab University of Vermont'}]",['Spatial Analysis Lab'],,,,uvm,https://dataverse.uvm.edu
"Indianapolis, IN",dataset,https://doi.org/10.5072/FK2/RRGKMV,doi:10.5072/FK2/RRGKMV,"This dataset was developed as part of an Urban Tree Canopy Assessment. As such, it represents a 'top down' mapping perspective in which tree canopy over hanging other features is assigned to the tree canopy class. At the time of its creation this dataset represents the most detailed and accurate land cover dataset for the area based on input data years.",2025-08-20T20:22:08Z,Urban Tree Canopy Assessments (UTC),"Spatial Analysis Lab, 2025, ""Indianapolis, IN"", <a href=""https://doi.org/10.5072/FK2/RRGKMV"" target=""_blank"">https://doi.org/10.5072/FK2/RRGKMV</a>, University of Vermont Dataverse, V1",utc,Urban Tree Canopy Assessments (UTC),"Spatial Analysis Lab, 2025, ""Indianapolis, IN"", https://doi.org/10.5072/FK2/RRGKMV, University of Vermont Dataverse, V1",['Published'],file://10.5072/FK2/RRGKMV,"['tree canopy', 'landcover', 'Indianapolis, IN']",['Earth and Environmental Sciences'],2,31,RELEASED,1,0,2025-08-11T18:23:27Z,2025-08-20T20:22:08Z,"[{'name': 'Paige Brochu', 'affiliation': 'Spatial Analysis Lab University of Vermont'}]",['Spatial Analysis Lab'],,,,uvm,https://dataverse.uvm.edu
"St Thomas, USVI",dataset,https://doi.org/10.5072/FK2/WDMZD7,doi:10.5072/FK2/WDMZD7,"This dataset was developed as part of an Urban Tree Canopy Assessment. As such, it represents a 'top down' mapping perspective in which tree canopy over hanging other features is assigned to the tree canopy class. At the time of its creation this dataset represents the most detailed and accurate land cover dataset for the area based on input data years.",2025-08-20T20:23:27Z,Urban Tree Canopy Assessments (UTC),"Spatial Analysis Lab, 2025, ""St Thomas, USVI"", <a href=""https://doi.org/10.5072/FK2/WDMZD7"" target=""_blank"">https://doi.org/10.5072/FK2/WDMZD7</a>, University of Vermont Dataverse, V1",utc,Urban Tree Canopy Assessments (UTC),"Spatial Analysis Lab, 2025, ""St Thomas, USVI"", https://doi.org/10.5072/FK2/WDMZD7, University of Vermont Dataverse, V1",['Published'],file://10.5072/FK2/WDMZD7,"['tree canopy', 'landcover', 'St Thomas, USVI']",['Earth and Environmental Sciences'],2,32,RELEASED,1,0,2025-08-11T18:45:58Z,2025-08-20T20:23:27Z,"[{'name': 'Paige Brochu', 'affiliation': 'Spatial Analysis Lab University of Vermont'}]",['Spatial Analysis Lab'],[{}],[{'country': ''}],,uvm,https://dataverse.uvm.edu
"St Croix, USVI",dataset,https://doi.org/10.5072/FK2/QYVC1P,doi:10.5072/FK2/QYVC1P,"This dataset was developed as part of an Urban Tree Canopy Assessment. As such, it represents a 'top down' mapping perspective in which tree canopy over hanging other features is assigned to the tree canopy class. At the time of its creation this dataset represents the most detailed and accurate land cover dataset for the area based on input data years.",2025-08-20T20:24:00Z,Urban Tree Canopy Assessments (UTC),"Spatial Analysis Lab, 2025, ""St Croix, USVI"", <a href=""https://doi.org/10.5072/FK2/QYVC1P"" target=""_blank"">https://doi.org/10.5072/FK2/QYVC1P</a>, University of Vermont Dataverse, V1",utc,Urban Tree Canopy Assessments (UTC),"Spatial Analysis Lab, 2025, ""St Croix, USVI"", https://doi.org/10.5072/FK2/QYVC1P, University of Vermont Dataverse, V1",['Published'],file://10.5072/FK2/QYVC1P,"['tree canopy', 'landcover', 'St Croix, USVI']",['Earth and Environmental Sciences'],2,33,RELEASED,1,0,2025-08-11T18:54:17Z,2025-08-20T20:24:00Z,"[{'name': 'Paige Brochu', 'affiliation': 'Spatial Analysis Lab University of Vermont'}]",['Spatial Analysis Lab'],,,,uvm,https://dataverse.uvm.edu
"Helena, MT",dataset,https://doi.org/10.5072/FK2/DIT54M,doi:10.5072/FK2/DIT54M,"This dataset was developed as part of an Urban Tree Canopy Assessment. As such, it represents a 'top down' mapping perspective in which tree canopy over hanging other features is assigned to the tree canopy class. At the time of its creation this dataset represents the most detailed and accurate land cover dataset for the area based on input data years.",2025-08-20T20:24:26Z,Urban Tree Canopy Assessments (UTC),"Spatial Analysis Lab, 2025, ""Helena, MT"", <a href=""https://doi.org/10.5072/FK2/DIT54M"" target=""_blank"">https://doi.org/10.5072/FK2/DIT54M</a>, University of Vermont Dataverse, V1",utc,Urban Tree Canopy Assessments (UTC),"Spatial Analysis Lab, 2025, ""Helena, MT"", https://doi.org/10.5072/FK2/DIT54M, University of Vermont Dataverse, V1",['Published'],file://10.5072/FK2/DIT54M,"['tree canopy', 'landcover', 'Helena, MT']",['Earth and Environmental Sciences'],2,34,RELEASED,1,0,2025-08-11T19:56:45Z,2025-08-20T20:24:26Z,"[{'name': 'Paige Brochu', 'affiliation': 'Spatial Analysis Lab University of Vermont'}]",['Spatial Analysis Lab'],,,,uvm,https://dataverse.uvm.edu
"Phoenix, AZ",dataset,https://doi.org/10.5072/FK2/6XLGS6,doi:10.5072/FK2/6XLGS6,"This dataset was developed as part of an Urban Tree Canopy Assessment. As such, it represents a 'top down' mapping perspective in which tree canopy over hanging other features is assigned to the tree canopy class. At the time of its creation this dataset represents the most detailed and accurate land cover dataset for the area based on input data years.",2025-08-20T20:25:06Z,Urban Tree Canopy Assessments (UTC),"Spatial Analysis Lab, 2025, ""Phoenix, AZ"", <a href=""https://doi.org/10.5072/FK2/6XLGS6"" target=""_blank"">https://doi.org/10.5072/FK2/6XLGS6</a>, University of Vermont Dataverse, V1",utc,Urban Tree Canopy Assessments (UTC),"Spatial Analysis Lab, 2025, ""Phoenix, AZ"", https://doi.org/10.5072/FK2/6XLGS6, University of Vermont Dataverse, V1",['Published'],file://10.5072/FK2/6XLGS6,"['tree canopy', 'landcover', 'Phoenix, AZ']",['Earth and Environmental Sciences'],2,35,RELEASED,1,0,2025-08-11T20:51:57Z,2025-08-20T20:25:06Z,"[{'name': 'Paige Brochu', 'affiliation': 'Spatial Analysis Lab University of Vermont'}]",['Spatial Analysis Lab'],,,,uvm,https://dataverse.uvm.edu
"Wayne County, MI",dataset,https://doi.org/10.5072/FK2/73SZDT,doi:10.5072/FK2/73SZDT,"This dataset was developed as part of an Urban Tree Canopy Assessment. As such, it represents a 'top down' mapping perspective in which tree canopy over hanging other features is assigned to the tree canopy class. At the time of its creation this dataset represents the most detailed and accurate land cover dataset for the area based on input data years.",2025-08-20T20:25:35Z,Urban Tree Canopy Assessments (UTC),"Spatial Analysis Lab, 2025, ""Wayne County, MI"", <a href=""https://doi.org/10.5072/FK2/73SZDT"" target=""_blank"">https://doi.org/10.5072/FK2/73SZDT</a>, University of Vermont Dataverse, V1",utc,Urban Tree Canopy Assessments (UTC),"Spatial Analysis Lab, 2025, ""Wayne County, MI"", https://doi.org/10.5072/FK2/73SZDT, University of Vermont Dataverse, V1",['Published'],file://10.5072/FK2/73SZDT,"['tree canopy', 'landcover', 'Wayne County, MI', 'Detroit, MI']",['Earth and Environmental Sciences'],2,36,RELEASED,1,0,2025-08-12T20:34:40Z,2025-08-20T20:25:35Z,"[{'name': 'Paige Brochu', 'affiliation': 'Spatial Analysis Lab University of Vermont'}]",['Spatial Analysis Lab'],,,,uvm,https://dataverse.uvm.edu
"Detroit, MI",dataset,https://doi.org/10.5072/FK2/ZY2HKO,doi:10.5072/FK2/ZY2HKO,"This dataset was developed as part of an Urban Tree Canopy Assessment. As such, it represents a 'top down' mapping perspective in which tree canopy over hanging other features is assigned to the tree canopy class. At the time of its creation this dataset represents the most detailed and accurate land cover dataset for the area based on input data years.",2025-08-20T20:26:30Z,Urban Tree Canopy Assessments (UTC),"Spatial Analysis Lab, 2025, ""Detroit, MI"", <a href=""https://doi.org/10.5072/FK2/ZY2HKO"" target=""_blank"">https://doi.org/10.5072/FK2/ZY2HKO</a>, University of Vermont Dataverse, V1",utc,Urban Tree Canopy Assessments (UTC),"Spatial Analysis Lab, 2025, ""Detroit, MI"", https://doi.org/10.5072/FK2/ZY2HKO, University of Vermont Dataverse, V1",['Published'],file://10.5072/FK2/ZY2HKO,"['tree canopy', 'landcover', 'Detroit, MI']",['Earth and Environmental Sciences'],2,37,RELEASED,1,0,2025-08-12T20:37:15Z,2025-08-20T20:26:30Z,"[{'name': 'Paige Brochu', 'affiliation': 'Spatial Analysis Lab University of Vermont'}]",['Spatial Analysis Lab'],,,,uvm,https://dataverse.uvm.edu
"Venice, FL",dataset,https://doi.org/10.5072/FK2/OQNG5E,doi:10.5072/FK2/OQNG5E,"This dataset was developed as part of an Urban Tree Canopy Assessment. As such, it represents a 'top down' mapping perspective in which tree canopy over hanging other features is assigned to the tree canopy class. At the time of its creation this dataset represents the most detailed and accurate land cover dataset for the area based on input data years.",2025-08-20T20:26:56Z,Urban Tree Canopy Assessments (UTC),"Spatial Analysis Lab, 2025, ""Venice, FL"", <a href=""https://doi.org/10.5072/FK2/OQNG5E"" target=""_blank"">https://doi.org/10.5072/FK2/OQNG5E</a>, University of Vermont Dataverse, V1",utc,Urban Tree Canopy Assessments (UTC),"Spatial Analysis Lab, 2025, ""Venice, FL"", https://doi.org/10.5072/FK2/OQNG5E, University of Vermont Dataverse, V1",['Published'],file://10.5072/FK2/OQNG5E,"['tree canopy', 'landcover', 'Venice, FL']",['Earth and Environmental Sciences'],2,38,RELEASED,1,0,2025-08-12T20:53:09Z,2025-08-20T20:26:56Z,"[{'name': 'Paige Brochu', 'affiliation': 'Spatial Analysis Lab University of Vermont'}]",['Spatial Analysis Lab'],,,,uvm,https://dataverse.uvm.edu
"Austin, TX",dataset,https://doi.org/10.5072/FK2/3STKQV,doi:10.5072/FK2/3STKQV,"This dataset was developed as part of an Urban Tree Canopy Assessment. As such, it represents a 'top down' mapping perspective in which tree canopy over hanging other features is assigned to the tree canopy class. At the time of its creation this dataset represents the most detailed and accurate land cover dataset for the area based on input data years.",2025-08-20T20:27:22Z,Urban Tree Canopy Assessments (UTC),"Spatial Analysis Lab, 2025, ""Austin, TX"", <a href=""https://doi.org/10.5072/FK2/3STKQV"" target=""_blank"">https://doi.org/10.5072/FK2/3STKQV</a>, University of Vermont Dataverse, V1",utc,Urban Tree Canopy Assessments (UTC),"Spatial Analysis Lab, 2025, ""Austin, TX"", https://doi.org/10.5072/FK2/3STKQV, University of Vermont Dataverse, V1",['Published'],file://10.5072/FK2/3STKQV,"['tree canopy', 'landcover', 'Austin, TX']",['Earth and Environmental Sciences'],2,39,RELEASED,1,0,2025-08-12T21:10:55Z,2025-08-20T20:27:22Z,"[{'name': 'Paige Brochu', 'affiliation': 'Spatial Analysis Lab University of Vermont'}]",['Spatial Analysis Lab'],,,,uvm,https://dataverse.uvm.edu
"Scottsdale, AZ",dataset,https://doi.org/10.5072/FK2/SQFUP0,doi:10.5072/FK2/SQFUP0,"This dataset was developed as part of an Urban Tree Canopy Assessment. As such, it represents a 'top down' mapping perspective in which tree canopy over hanging other features is assigned to the tree canopy class. At the time of its creation this dataset represents the most detailed and accurate land cover dataset for the area based on input data years.",2025-08-22T20:36:30Z,Urban Tree Canopy Assessments (UTC),"Spatial Analysis Lab, 2025, ""Scottsdale, AZ"", <a href=""https://doi.org/10.5072/FK2/SQFUP0"" target=""_blank"">https://doi.org/10.5072/FK2/SQFUP0</a>, University of Vermont Dataverse, V1",utc,Urban Tree Canopy Assessments (UTC),"Spatial Analysis Lab, 2025, ""Scottsdale, AZ"", https://doi.org/10.5072/FK2/SQFUP0, University of Vermont Dataverse, V1",['Published'],file://10.5072/FK2/SQFUP0,"['tree canopy', 'landcover', 'Scottsdale, AZ']",['Earth and Environmental Sciences'],2,51,RELEASED,1,0,2025-08-22T16:23:09Z,2025-08-22T20:36:30Z,"[{'name': 'Paige Brochu', 'affiliation': 'Spatial Analysis Lab University of Vermont'}]",['Spatial Analysis Lab'],,,,uvm,https://dataverse.uvm.edu
"Allegheny 3 Rivers Region, PA",dataset,https://doi.org/10.5072/FK2/EKQBBW,doi:10.5072/FK2/EKQBBW,"This dataset was developed as part of an Urban Tree Canopy Assessment. As such, it represents a 'top down' mapping perspective in which tree canopy over hanging other features is assigned to the tree canopy class. At the time of its creation this dataset represents the most detailed and accurate land cover dataset for the area based on input data years.",2025-08-22T20:36:51Z,Urban Tree Canopy Assessments (UTC),"Spatial Analysis Lab, 2025, ""Allegheny 3 Rivers Region, PA"", <a href=""https://doi.org/10.5072/FK2/EKQBBW"" target=""_blank"">https://doi.org/10.5072/FK2/EKQBBW</a>, University of Vermont Dataverse, V1",utc,Urban Tree Canopy Assessments (UTC),"Spatial Analysis Lab, 2025, ""Allegheny 3 Rivers Region, PA"", https://doi.org/10.5072/FK2/EKQBBW, University of Vermont Dataverse, V1",['Published'],file://10.5072/FK2/EKQBBW,"['tree canopy', 'landcover', 'Allegheny 3 Rivers Region, PA', 'Pennsylvania']",['Earth and Environmental Sciences'],2,52,RELEASED,1,0,2025-08-22T16:46:00Z,2025-08-22T20:36:51Z,"[{'name': 'Paige Brochu', 'affiliation': 'Spatial Analysis Lab University of Vermont'}]",['Spatial Analysis Lab'],,,,uvm,https://dataverse.uvm.edu
"York Region, ON",dataset,https://doi.org/10.5072/FK2/VNVNA0,doi:10.5072/FK2/VNVNA0,"This dataset was developed as part of an Urban Tree Canopy Assessment. As such, it represents a 'top down' mapping perspective in which tree canopy over hanging other features is assigned to the tree canopy class. At the time of its creation this dataset represents the most detailed and accurate land cover dataset for the area based on input data years.",2025-08-22T20:37:55Z,Urban Tree Canopy Assessments (UTC),"Spatial Analysis Lab, 2025, ""York Region, ON"", <a href=""https://doi.org/10.5072/FK2/VNVNA0"" target=""_blank"">https://doi.org/10.5072/FK2/VNVNA0</a>, University of Vermont Dataverse, V1",utc,Urban Tree Canopy Assessments (UTC),"Spatial Analysis Lab, 2025, ""York Region, ON"", https://doi.org/10.5072/FK2/VNVNA0, University of Vermont Dataverse, V1",['Published'],file://10.5072/FK2/VNVNA0,"['tree canopy', 'landcover', 'York Region, ON', 'Ontario']",['Earth and Environmental Sciences'],2,53,RELEASED,1,0,2025-08-22T17:14:04Z,2025-08-22T20:37:55Z,"[{'name': 'Paige Brochu', 'affiliation': 'Spatial Analysis Lab University of Vermont'}]",['Spatial Analysis Lab'],,,,uvm,https://dataverse.uvm.edu
"Charlotte, NC",dataset,https://doi.org/10.5072/FK2/XCSRMG,doi:10.5072/FK2/XCSRMG,"This dataset was developed as part of an Urban Tree Canopy Assessment. As such, it represents a 'top down' mapping perspective in which tree canopy over hanging other features is assigned to the tree canopy class. At the time of its creation this dataset represents the most detailed and accurate land cover dataset for the area based on input data years.",2025-08-22T20:39:40Z,Urban Tree Canopy Assessments (UTC),"Spatial Analysis Lab, 2025, ""Charlotte, NC"", <a href=""https://doi.org/10.5072/FK2/XCSRMG"" target=""_blank"">https://doi.org/10.5072/FK2/XCSRMG</a>, University of Vermont Dataverse, V1",utc,Urban Tree Canopy Assessments (UTC),"Spatial Analysis Lab, 2025, ""Charlotte, NC"", https://doi.org/10.5072/FK2/XCSRMG, University of Vermont Dataverse, V1",['Published'],file://10.5072/FK2/XCSRMG,"['tree canopy', 'tree canopy change', 'Charlotte, NC', 'North Carolina']",['Earth and Environmental Sciences'],2,56,RELEASED,1,0,2025-08-22T19:45:46Z,2025-08-22T20:39:40Z,"[{'name': 'Paige Brochu', 'affiliation': 'Spatial Analysis Lab University of Vermont'}]",['Spatial Analysis Lab'],,,,uvm,https://dataverse.uvm.edu
"Boca Raton, FL",dataset,https://doi.org/10.5072/FK2/ARHR5O,doi:10.5072/FK2/ARHR5O,"This dataset was developed as part of an Urban Tree Canopy Assessment. As such, it represents a 'top down' mapping perspective in which tree canopy over hanging other features is assigned to the tree canopy class. At the time of its creation this dataset represents the most detailed and accurate land cover dataset for the area based on input data years.",2025-08-25T19:40:39Z,Urban Tree Canopy Assessments (UTC),"Spatial Analysis Lab, 2025, ""Boca Raton, FL"", <a href=""https://doi.org/10.5072/FK2/ARHR5O"" target=""_blank"">https://doi.org/10.5072/FK2/ARHR5O</a>, University of Vermont Dataverse, V1",utc,Urban Tree Canopy Assessments (UTC),"Spatial Analysis Lab, 2025, ""Boca Raton, FL"", https://doi.org/10.5072/FK2/ARHR5O, University of Vermont Dataverse, V1",['Published'],file://10.5072/FK2/ARHR5O,"['tree canopy', 'landcover', 'Boca Raton, FL', 'Florida']",['Earth and Environmental Sciences'],2,59,RELEASED,1,0,2025-08-25T14:08:53Z,2025-08-25T19:40:39Z,"[{'name': 'Paige Brochu', 'affiliation': 'Spatial Analysis Lab University of Vermont'}]",['Spatial Analysis Lab'],,,,uvm,https://dataverse.uvm.edu
"Boston, MA",dataset,https://doi.org/10.5072/FK2/6ZQ1MK,doi:10.5072/FK2/6ZQ1MK,"This dataset was developed as part of an Urban Tree Canopy Assessment. As such, it represents a 'top down' mapping perspective in which tree canopy over hanging other features is assigned to the tree canopy class. At the time of its creation this dataset represents the most detailed and accurate land cover dataset for the area based on input data years.",2025-08-22T20:38:33Z,Urban Tree Canopy Assessments (UTC),"Spatial Analysis Lab, 2025, ""Boston, MA"", <a href=""https://doi.org/10.5072/FK2/6ZQ1MK"" target=""_blank"">https://doi.org/10.5072/FK2/6ZQ1MK</a>, University of Vermont Dataverse, V1",utc,Urban Tree Canopy Assessments (UTC),"Spatial Analysis Lab, 2025, ""Boston, MA"", https://doi.org/10.5072/FK2/6ZQ1MK, University of Vermont Dataverse, V1",['Published'],file://10.5072/FK2/6ZQ1MK,"['tree canopy', 'tree canopy change', 'landcover', 'Boston, MA', 'Massachusetts']",['Earth and Environmental Sciences'],4,54,RELEASED,1,0,2025-08-22T17:58:00Z,2025-08-22T20:38:33Z,"[{'name': 'Paige Brochu', 'affiliation': 'Spatial Analysis Lab University of Vermont'}]",['Spatial Analysis Lab'],,,,uvm,https://dataverse.uvm.edu
"Cuyahoga County, OH",dataset,https://doi.org/10.5072/FK2/9XIH9C,doi:10.5072/FK2/9XIH9C,"This dataset was developed as part of an Urban Tree Canopy Assessment. As such, it represents a 'top down' mapping perspective in which tree canopy over hanging other features is assigned to the tree canopy class. At the time of its creation this dataset represents the most detailed and accurate land cover dataset for the area based on input data years.",2025-08-27T14:29:21Z,Urban Tree Canopy Assessments (UTC),"Spatial Analysis Lab, 2025, ""Cuyahoga County, OH"", <a href=""https://doi.org/10.5072/FK2/9XIH9C"" target=""_blank"">https://doi.org/10.5072/FK2/9XIH9C</a>, University of Vermont Dataverse, V1",utc,Urban Tree Canopy Assessments (UTC),"Spatial Analysis Lab, 2025, ""Cuyahoga County, OH"", https://doi.org/10.5072/FK2/9XIH9C, University of Vermont Dataverse, V1",['Published'],file://10.5072/FK2/9XIH9C,"['tree canopy', 'tree canopy change', 'landcover', 'landcover change', 'Cuyahoga County, OH', 'Ohio']",['Earth and Environmental Sciences'],4,68,RELEASED,1,0,2025-08-27T14:02:30Z,2025-08-27T14:29:21Z,"[{'name': 'Paige Brochu', 'affiliation': 'Spatial Analysis Lab University of Vermont'}]",['Spatial Analysis Lab'],,,,uvm,https://dataverse.uvm.edu
"Frederick, MD",dataset,https://doi.org/10.5072/FK2/SEL6AO,doi:10.5072/FK2/SEL6AO,"This dataset was developed as part of an Urban Tree Canopy Assessment. As such, it represents a 'top down' mapping perspective in which tree canopy over hanging other features is assigned to the tree canopy class. At the time of its creation this dataset represents the most detailed and accurate land cover dataset for the area based on input data years.",2025-08-27T14:57:22Z,Urban Tree Canopy Assessments (UTC),"Spatial Analysis Lab, 2025, ""Frederick, MD"", <a href=""https://doi.org/10.5072/FK2/SEL6AO"" target=""_blank"">https://doi.org/10.5072/FK2/SEL6AO</a>, University of Vermont Dataverse, V1",utc,Urban Tree Canopy Assessments (UTC),"Spatial Analysis Lab, 2025, ""Frederick, MD"", https://doi.org/10.5072/FK2/SEL6AO, University of Vermont Dataverse, V1",['Published'],file://10.5072/FK2/SEL6AO,"['tree canopy', 'tree canopy change', 'landcover', 'Frederick, MD', 'Maryland']",['Earth and Environmental Sciences'],4,69,RELEASED,1,0,2025-08-27T14:57:14Z,2025-08-27T14:57:22Z,"[{'name': 'Paige Brochu', 'affiliation': 'Spatial Analysis Lab University of Vermont'}]",['Spatial Analysis Lab'],,,,uvm,https://dataverse.uvm.edu
"Prince George's County, MD",dataset,https://doi.org/10.5072/FK2/YFNVUQ,doi:10.5072/FK2/YFNVUQ,"This dataset was developed as part of an Urban Tree Canopy Assessment. As such, it represents a 'top down' mapping perspective in which tree canopy over hanging other features is assigned to the tree canopy class. At the time of its creation this dataset represents the most detailed and accurate land cover dataset for the area based on input data years.",2025-08-07T19:35:31Z,Urban Tree Canopy Assessments (UTC),"Spatial Analysis Lab, 2025, ""Prince George's County, MD"", <a href=""https://doi.org/10.5072/FK2/YFNVUQ"" target=""_blank"">https://doi.org/10.5072/FK2/YFNVUQ</a>, University of Vermont Dataverse, V1",utc,Urban Tree Canopy Assessments (UTC),"Spatial Analysis Lab, 2025, ""Prince George's County, MD"", https://doi.org/10.5072/FK2/YFNVUQ, University of Vermont Dataverse, V1",['Published'],file://10.5072/FK2/YFNVUQ,"['tree canopy', 'tree canopy change', 'landcover', ""Prince George's County, MD""]",['Earth and Environmental Sciences'],5,14,RELEASED,1,0,2025-07-29T14:35:48Z,2025-08-07T19:35:31Z,"[{'name': 'Paige Brochu', 'affiliation': 'Spatial Analysis Lab University of Vermont'}]",['Spatial Analysis Lab'],,,,uvm,https://dataverse.uvm.edu
"Cambridge, MA",dataset,https://doi.org/10.5072/FK2/VA9XJG,doi:10.5072/FK2/VA9XJG,"This dataset was developed as part of an Urban Tree Canopy Assessment. As such, it represents a 'top down' mapping perspective in which tree canopy over hanging other features is assigned to the tree canopy class. At the time of its creation this dataset represents the most detailed and accurate land cover dataset for the area based on input data years.",2025-08-07T17:59:17Z,Urban Tree Canopy Assessments (UTC),"Spatial Analysis Lab, 2025, ""Cambridge, MA"", <a href=""https://doi.org/10.5072/FK2/VA9XJG"" target=""_blank"">https://doi.org/10.5072/FK2/VA9XJG</a>, University of Vermont Dataverse, V1",utc,Urban Tree Canopy Assessments (UTC),"Spatial Analysis Lab, 2025, ""Cambridge, MA"", https://doi.org/10.5072/FK2/VA9XJG, University of Vermont Dataverse, V1",['Published'],file://10.5072/FK2/VA9XJG,"['landcover', 'tree canopy', 'tree canopy change', 'Cambridge, MA']",['Earth and Environmental Sciences'],5,18,RELEASED,1,0,2025-07-29T15:59:49Z,2025-08-07T17:59:17Z,"[{'name': 'Paige Brochu', 'affiliation': 'Spatial Analysis Lab University of Vermont'}]",['Spatial Analysis Lab'],[{}],[{'country': ''}],,uvm,https://dataverse.uvm.edu
"Burlington, VT",dataset,https://doi.org/10.5072/FK2/N4AXPZ,doi:10.5072/FK2/N4AXPZ,"This dataset was developed as part of an Urban Tree Canopy Assessment. As such, it represents a 'top down' mapping perspective in which tree canopy over hanging other features is assigned to the tree canopy class. At the time of its creation this dataset represents the most detailed and accurate land cover dataset for the area based on input data years.",2025-08-22T20:36:09Z,Urban Tree Canopy Assessments (UTC),"Spatial Analysis Lab, 2025, ""Burlington, VT"", <a href=""https://doi.org/10.5072/FK2/N4AXPZ"" target=""_blank"">https://doi.org/10.5072/FK2/N4AXPZ</a>, University of Vermont Dataverse, V1",utc,Urban Tree Canopy Assessments (UTC),"Spatial Analysis Lab, 2025, ""Burlington, VT"", https://doi.org/10.5072/FK2/N4AXPZ, University of Vermont Dataverse, V1",['Published'],file://10.5072/FK2/N4AXPZ,"['tree canopy', 'tree canopy change', 'landcover', 'Burlington, VT', 'Vermont']",['Earth and Environmental Sciences'],5,50,RELEASED,1,0,2025-08-22T15:56:51Z,2025-08-22T20:36:09Z,"[{'name': 'Paige Brochu', 'affiliation': 'Spatial Analysis Lab University of Vermont'}]",['Spatial Analysis Lab'],,,,uvm,https://dataverse.uvm.edu
Wastewater Infrastructure Map,dataset,https://doi.org/10.5072/FK2/U79ZLQ,doi:10.5072/FK2/U79ZLQ,"Explore the informational website https://verso-uvm.github.io/Wastewater-Infrastructure-Mapping/index.html The Wastewater Infrastructure Map is a collaborative effort led by the Vermont Research Open Source Program Office (VERSO) at the University of Vermont, supported by the Windham Regional Commission, Vermont state agencies, and funded by the Leahy Institute. The goal was to map and analyze wastewater infrastructure across every town in Vermont. Developed with 15 undergraduate interns (through UVM’s Open Research Community Accelerator (ORCA) student intership program from Fall 2024 to June 2025, this project delivers comprehensive geospatial datasets aimed at informing regional planning, economic development, and housing growth Learn more about the project here",2025-07-16T20:12:21Z,Vermont Research Open Source Program Office,"Fortney, Kendall, 2025, ""Wastewater Infrastructure Map"", <a href=""https://doi.org/10.5072/FK2/U79ZLQ"" target=""_blank"">https://doi.org/10.5072/FK2/U79ZLQ</a>, University of Vermont Dataverse, V4",verso,Vermont Research Open Source Program Office,"Fortney, Kendall, 2025, ""Wastewater Infrastructure Map"", https://doi.org/10.5072/FK2/U79ZLQ, University of Vermont Dataverse, V4",['Published'],file://10.5072/FK2/U79ZLQ,['wastewater'],"['Earth and Environmental Sciences', 'Engineering']",5,5,RELEASED,4,0,2025-07-02T17:12:15Z,2025-09-04T19:50:50Z,"[{'name': 'Fortney, Kendall', 'affiliation': ''}]","['Fortney, Kendall']",,,,uvm,https://dataverse.uvm.edu
Replication Data for: Inventory and Evaluation of Metrics for a Sustainability Indicator Framework in the Northeast U.S. Food System,dataset,https://doi.org/10.5072/FK2/HLPJO6,doi:10.5072/FK2/HLPJO6,Replication data for a survey of publicly available data related to Food System sustainability in the Northeast United States.,2026-04-09T14:23:12Z,Food Systems Research Institute,"Donovan, Christopher; Lawler, Tessa; Loconte, Isabella; Galford, Gillian; McIntosh, Matthew, 2026, ""Replication Data for: Inventory and Evaluation of Metrics for a Sustainability Indicator Framework in the Northeast U.S. Food System"", <a href=""https://doi.org/10.5072/FK2/HLPJO6"" target=""_blank"">https://doi.org/10.5072/FK2/HLPJO6</a>, University of Vermont Dataverse, V1, UNF:6:va/IL9TAofCuCzaYXziz0w== [fileUNF]",fsri,Food Systems Research Institute,"Donovan, Christopher; Lawler, Tessa; Loconte, Isabella; Galford, Gillian; McIntosh, Matthew, 2026, ""Replication Data for: Inventory and Evaluation of Metrics for a Sustainability Indicator Framework in the Northeast U.S. Food System"", https://doi.org/10.5072/FK2/HLPJO6, University of Vermont Dataverse, V1, UNF:6:va/IL9TAofCuCzaYXziz0w== [fileUNF]",['Published'],file://10.5072/FK2/HLPJO6,,"['Agricultural Sciences', 'Earth and Environmental Sciences', 'Medicine, Health and Life Sciences', 'Social Sciences']",3,73,RELEASED,1,1,2026-04-07T21:40:14Z,2026-04-09T14:33:40Z,"[{'name': 'Donovan, Christopher', 'affiliation': 'Food Systems Research Institute'}]","['Donovan, Christopher', 'Lawler, Tessa', 'Loconte, Isabella', 'Galford, Gillian', 'McIntosh, Matthew']",[{}],"[{'country': 'United States', 'state': 'Northeast,'}]",['See metadata file for sources by variable'],uvm,https://dataverse.uvm.edu
